,date,tic,open,high,low,close,volume,day,macd,boll_ub,boll_lb,rsi_30,cci_30,dx_30,close_30_sma,close_60_sma,vix,turbulence
0,2022-11-10,AAPL,141.24000549316406,146.8699951171875,139.5,146.0536346435547,118854000.0,3.0,-1.805131108032299,155.15414351886253,132.5913765006687,49.339061608671436,10.610971458523903,4.314265980626243,142.8875981648763,149.7756253560384,23.530000686645508,16.939767286818228
1,2022-11-11,AAPL,145.82000732421875,150.00999450683594,144.3699951171875,148.86788940429688,93979700.0,4.0,-1.1350177071660426,155.50445525347286,133.38956024945682,50.85768228938669,66.6638070835171,2.7584850872843467,143.2763870239258,149.3751703898112,22.520000457763672,0.7249214800528634
2,2022-11-14,AAPL,148.97000122070312,150.27999877929688,147.42999267578125,147.45578002929688,73374100.0,0.0,-0.7097123123885751,155.78734046124762,133.7138649830883,50.07847084451217,72.19654506133183,3.36077125676345,143.4774597167969,148.99469782511395,23.729999542236328,0.19202423355086143
3,2022-11-15,AAPL,152.22000122070312,153.58999633789062,148.55999755859375,149.2060089111328,89868300.0,1.0,-0.2287885474177358,156.24085494896076,133.9095280466447,51.04027683674325,99.09865608442901,10.615699993337396,143.61608327229817,148.7087547302246,24.540000915527344,0.270942141961249
4,2022-11-16,AAPL,149.1300048828125,149.8699951171875,147.2899932861328,147.9629364013672,64218300.0,2.0,0.051448373617063226,156.5161789716681,134.14815513477723,50.32786200424851,62.72490587261302,7.311493803669671,143.7033437093099,148.40771967569987,24.110000610351562,0.14779274840747975
5,2022-11-17,AAPL,146.42999267578125,151.47999572753906,146.14999389648438,149.88221740722656,80389400.0,3.0,0.42352594613603856,156.97701250537568,134.43986066356962,51.41109627627477,71.24518113595727,10.917506790639083,143.88668009440104,148.13370869954426,23.93000030517578,0.3248616586546133
6,2022-11-18,AAPL,152.30999755859375,152.6999969482422,149.97000122070312,150.4490509033203,74829600.0,4.0,0.7554306941383402,157.38648606735612,134.45440596145247,51.732686518959895,92.25379610464869,13.639059119897412,144.2656280517578,147.82777837117513,23.1200008392334,0.02563622949754264
7,2022-11-21,AAPL,150.16000366210938,150.3699951171875,147.72000122070312,147.1873016357422,58724100.0,0.0,0.746664607049695,157.28598186210644,134.43632648750292,49.771734954280085,50.14520648710874,7.183439062732846,144.52493031819662,147.57354914347331,22.360000610351562,0.9536673420656159
8,2022-11-22,AAPL,148.1300048828125,150.4199981689453,146.92999267578125,149.34521484375,51804100.0,1.0,0.903428816299396,157.03342129465273,134.49917453054258,51.04182271707797,53.72180241943301,4.945808439569115,144.90381774902343,147.39234924316406,21.290000915527344,0.4345216127108419
9,2022-11-23,AAPL,149.4499969482422,151.8300018310547,149.33999633789062,150.23028564453125,58301400.0,2.0,1.0865582314000903,157.25618534746843,134.4720510416917,51.56151160764811,73.61476024893528,8.586816906913748,145.33338673909506,147.2667704264323,20.350000381469727,0.07051523604469946
10,2022-11-25,AAPL,148.30999755859375,148.8800048828125,147.1199951171875,147.2867431640625,35195900.0,4.0,0.9828407578216343,157.40455951581401,134.67668438067034,49.74481839565482,28.011047586559783,2.0103687275035624,145.51095428466797,147.12009658813477,20.5,0.7697737396013572
11,2022-11-28,AAPL,145.13999938964844,146.63999938964844,143.3800048828125,143.41835021972656,69246000.0,0.0,0.5817904139277346,156.14733680111533,134.8139577545487,47.47093959942394,-29.40146355951242,8.02149443788289,145.7121348063151,146.8967051188151,22.209999084472656,1.3692627129565873
12,2022-11-29,AAPL,144.2899932861328,144.80999755859375,140.35000610351562,140.3852996826172,83763800.0,1.0,0.018994341945983706,155.28821153748265,134.4881007183767,45.773833219630596,-74.77898825589354,15.240254511450596,145.67884877522786,146.65833791097006,21.889999389648438,0.8904470133530803
13,2022-11-30,AAPL,141.39999389648438,148.72000122070312,140.5500030517578,147.20718383789062,111380900.0,2.0,0.1220366758060436,154.99922081787057,134.54135993164115,49.938082052452685,-13.8413209188069,3.9828942079070346,145.8286137898763,146.55484848022462,20.579999923706055,4.775532053970746
14,2022-12-01,AAPL,148.2100067138672,149.1300048828125,146.61000061035156,147.4856414794922,71250400.0,3.0,0.2235902629089992,155.23728164596528,134.65336166458158,50.099892777234025,23.367399845134305,2.8566335054382765,145.98402099609376,146.4323382059733,19.84000015258789,0.008375222021598887
15,2022-12-02,AAPL,145.9600067138672,148.0,145.64999389648438,146.98841857910156,65447400.0,4.0,0.2609424970706584,155.16901895806788,135.6325343866587,49.8025437081258,6.148387445761978,5.42066592481785,146.1384073893229,146.32636108398438,19.059999465942383,0.02063887452087788
16,2022-12-05,AAPL,147.77000427246094,150.9199981689453,145.77000427246094,145.81497192382812,68826400.0,0.0,0.193625084131952,154.86475481006943,136.75721174266494,49.09121707147935,16.54524642075087,2.9113630390526297,146.12527770996093,146.15267588297527,20.75,0.12213984021593759
17,2022-12-06,AAPL,147.07000732421875,147.3000030517578,141.9199981689453,142.1156463623047,64727200.0,1.0,-0.15642592617379592,154.51331011217457,137.50543988782545,46.90631815062517,-48.763999197089674,7.403471281109943,145.91669464111328,145.81706314086915,22.170000076293945,1.2645431115829802
18,2022-12-07,AAPL,142.19000244140625,143.3699951171875,140.0,140.15658569335938,69721100.0,2.0,-0.5851781280537409,154.34745622096415,137.8144929367507,45.789852453619616,-87.92694743645498,12.100142811735719,145.54716949462892,145.60748087565105,22.68000030517578,0.35993408468375804
19,2022-12-08,AAPL,142.36000061035156,143.52000427246094,141.10000610351562,141.8571014404297,62128300.0,3.0,-0.7787727208936417,152.89769627143716,140.03792994926596,46.92425237735998,-65.23785457833303,11.627267736087749,145.3332768758138,145.40191726684571,22.290000915527344,0.31885250935347004
20,2022-12-09,AAPL,142.33999633789062,145.57000732421875,140.89999389648438,141.36981201171875,76097000.0,4.0,-0.9604465845725372,153.05622064459828,139.41102331292126,46.63496674834586,-53.91509168458091,5.1477781514892085,145.25371500651042,145.23687896728515,22.829999923706055,0.016775732326484112
21,2022-12-12,AAPL,142.6999969482422,144.5,141.05999755859375,143.68685913085938,70462700.0,0.0,-0.9070027294086458,152.76941033440997,139.1797305957658,48.205630359002804,-41.600569509618374,5.147778151489221,144.88934885660808,145.13809076944986,25.0,0.574679667208047
22,2022-12-13,AAPL,149.5,149.97000122070312,144.24000549316406,144.6614227294922,93886200.0,1.0,-0.7770515845384693,152.6163558584221,139.0533493417732,48.860539596159555,19.540924796797498,10.663276170336815,144.63689219156902,144.9929992675781,22.549999237060547,0.10939067175082079
23,2022-12-14,AAPL,145.35000610351562,146.66000366210938,141.16000366210938,142.41397094726562,82291200.0,2.0,-0.8456666236407386,152.24612406492417,138.74437733888442,47.429823297274474,-29.812229178761147,1.4786272220690744,144.39854125976564,144.77040735880533,21.139999389648438,0.4574591773492117
24,2022-12-15,AAPL,141.11000061035156,141.8000030517578,136.02999877929688,135.74127197265625,98931900.0,3.0,-1.4220826935770106,152.80562477988363,136.9627101810539,43.51618663793218,-124.35070236301412,11.586355270531154,144.12374979654948,144.48922220865884,22.829999923706055,4.328875109121964
25,2022-12-16,AAPL,136.69000244140625,137.64999389648438,133.72999572753906,133.76234436035156,160156900.0,4.0,-2.0153478263482327,153.06684492466096,135.08950273158902,42.44176664258249,-165.5922991848344,16.724717235371628,143.98651733398438,144.1912701924642,22.6200008392334,0.37821905300381436
26,2022-12-19,AAPL,135.11000061035156,135.1999969482422,131.32000732421875,131.63421630859375,79592600.0,0.0,-2.626954964969059,153.1935492980927,133.08131489868464,41.30717431199907,-193.3185046986741,21.814308629937617,143.78729654947918,143.8960723876953,22.420000076293945,0.4655822388078294
27,2022-12-20,AAPL,131.38999938964844,133.25,129.88999938964844,131.5646209716797,77432800.0,1.0,-3.081749303129868,153.46031534614897,131.2522807842221,41.2698505914517,-198.28706634395252,24.732161803639478,143.56785685221354,143.59408849080404,21.479999542236328,9.780746119912486e-05
28,2022-12-21,AAPL,132.97999572753906,136.80999755859375,132.75,134.69711303710938,85928000.0,2.0,-3.1530645964337793,152.71927857015865,130.52850737954836,43.64098373205249,-140.02342339299597,13.463619582644458,143.43360748291016,143.32793197631835,20.06999969482422,1.2113608823336743
29,2022-12-22,AAPL,134.35000610351562,134.55999755859375,130.3000030517578,131.4949951171875,77852100.0,3.0,-3.4284456478031586,151.88614187904335,129.48811501792932,41.85407180274519,-172.79839318932545,18.856520634482283,143.34609629313152,143.0401761372884,21.969999313354492,1.0700114901900826
30,2022-12-23,AAPL,130.9199981689453,132.4199981689453,129.63999938964844,131.12705993652344,63814900.0,4.0,-3.6344803816890874,151.40045873234226,128.35782984187648,41.651352559281015,-164.81407569944867,20.287051062400717,142.84854380289713,142.86807098388672,20.8700008392334,0.007569537759108006
31,2022-12-27,AAPL,131.3800048828125,131.41000366210938,128.72000122070312,129.30723571777344,69007800.0,1.0,-3.899656189144565,151.48363029637792,126.86354682764554,40.644105035183365,-160.46279238700254,22.327451199982143,142.19652201334637,142.73645451863607,21.649999618530273,0.3388692045923881
32,2022-12-28,AAPL,129.6699981689453,131.02999877929688,125.87000274658203,125.33941650390625,85438400.0,2.0,-4.379495677127352,152.17398599261648,124.66860281353584,38.541850240681754,-167.29075246635242,28.396776341826342,141.45930989583334,142.4683848063151,22.139999389648438,1.7701719772348297
33,2022-12-29,AAPL,127.98999786376953,130.47999572753906,127.7300033569336,128.8895721435547,75703700.0,3.0,-4.422326214382622,151.23424348794575,123.77658414877303,41.349718090993626,-133.20724696348495,28.396776341826342,140.78209533691407,142.19908930460613,21.440000534057617,1.7336015947529801
34,2022-12-30,AAPL,128.41000366210938,129.9499969482422,127.43000030517578,129.20779418945312,77034200.0,4.0,-4.380100788748734,149.9515182370157,123.23152467069912,41.59713958696655,-121.2983574579471,29.063507870348605,140.15692392985025,141.93013381958008,21.670000076293945,0.024105271736647168
35,2023-01-03,AAPL,130.27999877929688,130.89999389648438,124.16999816894531,124.37480163574219,112117500.0,1.0,-4.682640379345884,148.9430642358504,121.97861697752853,39.01149383141612,-130.941210444084,35.98724893451266,139.30667673746746,141.59667841593424,22.899999618530273,2.6342787987146012
36,2023-01-04,AAPL,126.88999938964844,128.66000366210938,125.08000183105469,125.65763854980469,89113600.0,2.0,-4.7639748303518274,147.6876016621369,121.21834621383965,40.03498032670375,-119.81314147932746,35.98724893451264,138.48029632568358,141.3729621887207,22.010000228881836,0.2566503961853042
37,2023-01-05,AAPL,127.12999725341797,127.7699966430664,124.76000213623047,124.3250732421875,80962700.0,3.0,-4.8797095976410105,147.0191864668276,120.10770409713722,39.32580750946478,-117.41289463412109,36.680463860646356,137.71822204589844,141.12157618204753,22.459999084472656,0.17558128567167813
38,2023-01-06,AAPL,126.01000213623047,130.2899932861328,124.88999938964844,128.89950561523438,87754700.0,4.0,-4.549863774759672,146.2350546743996,119.76612788175272,42.916630737098146,-88.8559953692037,25.26134537971383,137.0366984049479,140.9702580769857,21.1299991607666,2.8445355100421974
39,2023-01-09,AAPL,130.47000122070312,133.41000366210938,129.88999938964844,129.42657470703125,70790800.0,0.0,-4.1975418631878085,145.01633041882164,119.74179946399087,43.316483773328436,-58.03039680241221,12.78991733330564,136.3432413736979,140.83831405639648,21.969999313354492,0.049087528295340514
40,2023-01-10,AAPL,130.25999450683594,131.25999450683594,128.1199951171875,130.0033416748047,63896200.0,1.0,-3.8276610420121244,143.7485448882842,119.87293796083691,43.76242077014058,-64.29024002387686,17.755691223400866,135.76712799072266,140.6390411376953,20.579999923706055,0.05493518102086921
41,2023-01-11,AAPL,131.25,133.50999450683594,130.4600067138672,132.74803161621094,69458900.0,2.0,-3.2752986820385104,141.83467775542888,120.69292234222738,45.85922255440915,-37.78665372658923,9.29885799703539,135.4114507039388,140.56179275512696,21.09000015258789,0.9450694103714473
42,2023-01-12,AAPL,133.8800048828125,134.25999450683594,131.44000244140625,132.66847229003906,71379600.0,3.0,-2.8115574211037995,139.19973355005578,122.12857150365515,45.808008020050096,-29.998854437221457,6.571700640184866,135.1542231241862,140.41653594970703,18.829999923706055,3.503283080515069e-05
43,2023-01-13,AAPL,132.02999877929688,134.9199981689453,131.66000366210938,134.0109405517578,57809700.0,4.0,-2.3090953476861955,136.98240457167364,123.5055974424865,46.844230799598684,-19.533635853784332,4.127654299940799,134.71434834798177,140.27148106892903,18.350000381469727,0.2340889060026517
44,2023-01-17,AAPL,134.8300018310547,137.2899932861328,134.1300048828125,135.18438720703125,63646600.0,1.0,-1.7955057239589962,136.86289422016938,123.5694193174283,47.74768499258408,6.796004901465988,4.297103492310538,134.30430653889974,140.14416376749674,19.360000610351562,0.17804636508230495
45,2023-01-18,AAPL,136.82000732421875,138.61000061035156,135.02999877929688,134.4584503173828,69672800.0,2.0,-1.4305685829029642,136.98263416663457,123.51928996666622,47.23391533810997,18.139919790494567,8.695323468566613,133.8866409301758,140.01252415974935,20.34000015258789,0.043552804827796936
46,2023-01-19,AAPL,134.0800018310547,136.25,133.77000427246094,134.5181121826172,58280400.0,3.0,-1.1235870434483388,137.37071613295825,123.41959758774487,47.282142876487185,9.371981420102653,3.8265850579270255,133.51007893880208,139.81767832438152,20.520000457763672,0.0025859148076688714
47,2023-01-20,AAPL,135.27999877929688,138.02000427246094,134.22000122070312,137.10366821289062,80223600.0,4.0,-0.6640148486578141,138.25644148083566,123.08777696398855,49.35723792093195,36.99312198436603,9.887784939432507,133.34301300048827,139.62985382080078,19.850000381469727,0.7760743347061113
48,2023-01-23,AAPL,138.1199951171875,143.32000732421875,137.89999389648438,140.32565307617188,81760300.0,0.0,-0.03935960896006918,139.52074648280933,122.3863259659211,51.802886609871464,97.44449617857448,25.014550290141724,133.34864857991536,139.44790903727213,19.809999465942383,1.1319461096678294
49,2023-01-24,AAPL,140.30999755859375,143.16000366210938,140.3000030517578,141.73776245117188,66435100.0,1.0,0.5631380886260047,141.3000592597373,121.63128992239159,52.83555181169781,116.00222720838201,25.01455029014173,133.34467061360678,139.33897374471027,19.200000762939453,0.2121739186380081
50,2023-01-25,AAPL,140.88999938964844,142.42999267578125,138.80999755859375,141.07147216796875,65799300.0,2.0,0.975611554586095,142.6902233055123,121.23556709976116,52.288706101185404,104.29560659158284,18.617911607154696,133.33472595214843,139.29422047932943,19.079999923706055,0.03904560559269604
51,2023-01-26,AAPL,143.1699981689453,144.25,141.89999389648438,143.15982055664062,54105100.0,3.0,1.4542483403510005,144.4013667443695,120.90968214479061,53.83783466906086,139.29237934045457,23.71452921206691,133.3171579996745,139.10325342814127,18.729999542236328,0.4445580662930626
52,2023-01-27,AAPL,143.16000366210938,147.22999572753906,143.0800018310547,145.11883544921875,70555800.0,4.0,1.9689507327046556,146.10563725836144,121.18335352532998,55.24789526587004,172.1726612185785,31.250339852679588,133.33240509033203,138.98464864095052,18.510000228881836,0.3749122255049522
53,2023-01-30,AAPL,144.9600067138672,145.5500030517578,142.85000610351562,142.2051544189453,64015300.0,0.0,2.11733901224531,147.11973334826493,121.50081566296555,52.767910420057916,147.573329905728,30.189301054572514,133.32544453938803,138.86199289957682,19.940000534057617,0.7835936111749452
54,2023-01-31,AAPL,142.6999969482422,144.33999633789062,142.27999877929688,143.4879608154297,65874500.0,1.0,2.3118005504967982,148.22228175165037,121.82628392217775,53.71419866124864,135.8525306770187,27.45952212373495,133.5836675008138,138.85370864868165,19.399999618530273,0.16427196267305516
55,2023-02-01,AAPL,143.97000122070312,146.61000061035156,141.32000732421875,144.6216278076172,77663600.0,2.0,2.5282461248512504,148.89692589411172,123.1763223969039,54.54672711625038,133.2511781485663,33.403956597405944,133.94564361572264,138.96608047485353,17.8700008392334,0.1395246650747463
56,2023-02-02,AAPL,148.89999389648438,151.17999267578125,148.1699981689453,149.98167419433594,118339000.0,3.0,3.096596117091167,150.57276040225426,123.93289145321445,58.22212179108158,182.14539352710497,43.38769976945723,134.5572255452474,139.1722610473633,18.729999542236328,2.872960141900002
57,2023-02-03,AAPL,148.02999877929688,157.3800048828125,147.8300018310547,153.64122009277344,154357300.0,4.0,3.798525315250288,152.49297218020345,124.9442943603239,60.47919925274264,191.4620099921371,53.49787277330829,135.2931121826172,139.43048451741535,18.329999923706055,1.2318649883387158
58,2023-02-06,AAPL,152.57000732421875,153.10000610351562,150.77999877929688,150.88661193847656,69858300.0,0.0,4.085440984516538,153.80069786135226,125.83527931149929,58.03764837520795,155.21501653713446,53.49787277330829,135.8327621459961,139.63318481445313,19.43000030517578,0.6282085855766534
59,2023-02-07,AAPL,150.63999938964844,155.22999572753906,150.63999938964844,153.79037475585938,83322600.0,1.0,4.49531393037654,155.44573761555978,126.62661956217458,59.80708034194724,151.83161298393716,56.5444052975399,136.57594146728516,139.96101888020834,18.65999984741211,0.7627912315489518
60,2023-02-08,AAPL,153.8800048828125,154.5800018310547,151.1699981689453,151.0755615234375,64120100.0,2.0,4.548644511237484,156.1807116739457,127.99886748865194,57.46356038790493,129.0531749168318,56.5444052975399,137.2408915201823,140.04471766153972,19.6299991607666,0.6121827236951576
61,2023-02-09,AAPL,153.77999877929688,154.3300018310547,150.4199981689453,150.03138732910156,56007100.0,3.0,4.455295378047737,156.74943121985063,129.1584835140361,56.58140310809952,112.88234701024041,52.523887108890236,137.93169657389322,140.0641092936198,20.709999084472656,0.08948626498456476
62,2023-02-10,AAPL,149.4600067138672,151.33999633789062,149.22000122070312,150.39988708496094,57450700.0,4.0,4.3607819878047,157.12231010500858,130.55874610837031,56.82338872347733,95.14571535718918,46.105957082832816,138.7670455932617,140.11317774454753,20.530000686645508,0.015410271629774356
63,2023-02-13,AAPL,150.9499969482422,154.25999450683594,150.9199981689453,153.2284393310547,62199000.0,0.0,4.462677009521428,157.8678220749349,131.7349840163737,58.65319849400944,108.3772785527484,51.422820912733336,139.57834116617838,140.18021825154622,20.34000015258789,0.7344169433314902
64,2023-02-14,AAPL,152.1199951171875,153.77000427246094,150.86000061035156,152.5810546875,61707600.0,1.0,4.440009354007145,158.35257362908163,132.98989921027385,58.07051261474853,99.04965593575197,51.09541933528615,140.35744984944662,140.25718688964844,18.90999984741211,0.032930162819105276
65,2023-02-15,AAPL,153.11000061035156,155.5,152.8800048828125,154.7024383544922,65573800.0,2.0,4.540878584757365,158.81623236962565,134.55063927344077,59.436535326920854,108.84234788318457,54.1510046013948,141.36837107340494,140.3375239054362,18.229999542236328,0.395109995552666
66,2023-02-16,AAPL,153.50999450683594,156.3300018310547,153.35000610351562,153.08900451660156,68167900.0,3.0,4.439452307425,158.6145148958384,136.60944598062645,57.95109499748263,102.08824306083876,55.57455983752464,142.28274993896486,140.38152313232422,20.170000076293945,0.21600141496148456
67,2023-02-17,AAPL,152.35000610351562,153.0,150.85000610351562,151.93368530273438,59144100.0,4.0,4.217233009748696,158.32471273330495,138.38224985214427,56.897749350577634,77.86549976916484,41.43529131640676,143.20303700764973,140.46062952677408,20.020000457763672,0.10900659889469161
68,2023-02-21,AAPL,150.1999969482422,151.3000030517578,148.41000366210938,147.880126953125,58867200.0,1.0,3.6717091559337405,157.96723800121717,139.49517197192736,53.37634588773155,48.929009776028586,29.18582487759594,143.83572438557943,140.43621139526368,22.8700008392334,1.4110878924288053
69,2023-02-22,AAPL,148.8699951171875,149.9499969482422,147.16000366210938,148.3083953857422,51011300.0,2.0,3.236625451348118,157.69634563380092,140.42312763280066,53.68960382754121,38.13428268690156,23.336130844218165,144.46511840820312,140.40417989095053,22.290000915527344,0.019770390897629646
70,2023-02-23,AAPL,150.08999633789062,150.33999633789062,147.24000549316406,148.79641723632812,48394200.0,3.0,2.897793802487598,157.22693972709564,141.66502804634186,54.05351428748147,37.178869746037876,24.476687669778364,145.0915542602539,140.4293411254883,21.139999389648438,0.024387812756675245
71,2023-02-24,AAPL,147.11000061035156,147.19000244140625,145.72000122070312,146.11729431152344,55469600.0,4.0,2.3855849120570554,156.97388100656175,142.21383414236405,51.74434605033696,6.940563368275902,17.211592027776177,145.53719635009764,140.47432352701824,21.670000076293945,0.6461647999506486
72,2023-02-27,AAPL,147.7100067138672,149.1699981689453,147.4499969482422,147.32237243652344,44998500.0,0.0,2.0532270857988806,156.8653131360899,142.54275571156634,52.68488621940197,21.232253236527974,23.434184585560956,146.0256596883138,140.58994140625,20.950000762939453,0.14011985745712185
73,2023-02-28,AAPL,147.0500030517578,149.0800018310547,146.8300018310547,146.81443786621094,50547000.0,1.0,1.7289151811466184,156.33602601290755,143.53297117947528,52.24091406124725,11.554364559937667,20.40494332454473,146.45244293212892,140.58339564005533,20.700000762939453,0.022581768585200657
74,2023-03-01,AAPL,146.8300018310547,147.22999572753906,145.00999450683594,144.72293090820312,55479000.0,2.0,1.2882780605534663,156.15518085799246,143.83731334366772,50.43066157176154,-19.829491207598466,11.79556948558253,146.77039438883463,140.5373504638672,20.579999923706055,0.40170493168858923
75,2023-03-02,AAPL,144.3800048828125,146.7100067138672,143.89999389648438,145.32052612304688,52238100.0,3.0,0.9760397289589093,156.0684556010173,143.9939284321858,50.93322050191585,-31.562163061066897,6.816158406998146,147.13246358235676,140.5095522562663,19.59000015258789,0.03862388550692205
76,2023-03-03,AAPL,148.0399932861328,151.11000061035156,147.3300018310547,150.41983032226562,70732300.0,4.0,1.1270676989696824,156.09278626867453,144.01341337732154,54.96375898948153,30.545981391319994,21.610734795419802,147.6625208536784,140.58629989624023,18.489999771118164,2.521314479828919
77,2023-03-06,AAPL,153.7899932861328,156.3000030517578,153.4600067138672,153.20852661132812,87558000.0,0.0,1.4550104825902963,156.019916467635,144.04301383021655,56.963729984539164,108.08451322093211,34.68592182053134,148.19934946695963,140.77118123372395,18.610000610351562,0.7010943846764845
78,2023-03-07,AAPL,153.6999969482422,154.02999877929688,151.1300048828125,150.98751831054688,56182000.0,1.0,1.5181899445373972,156.02816450846927,144.04485642658932,54.95312758201183,62.6467512940298,24.70378863178446,148.55474497477215,140.95169677734376,19.59000015258789,0.4200345786289205
79,2023-03-08,AAPL,152.80999755859375,153.47000122070312,151.8300018310547,152.2523956298828,47204800.0,2.0,1.651290107496692,155.78559671660534,144.13362630585559,55.870774403579354,67.94230125727614,24.703788631784473,148.90523274739584,141.1249516805013,19.110000610351562,0.14180330058076487
80,2023-03-09,AAPL,153.55999755859375,154.5399932861328,150.22999572753906,149.98159790039062,53833600.0,3.0,1.5556064834455299,155.70727751818117,144.1025491419751,53.83409965823459,45.02350197448687,17.850107288954344,149.20223693847657,141.2684814453125,22.610000610351562,0.4555268442165464
81,2023-03-10,AAPL,150.2100067138672,150.94000244140625,147.61000061035156,147.90003967285156,68572400.0,4.0,1.296862742935673,155.66881950265466,143.9278723918766,52.035357557263445,-21.65162998872057,7.507597175886617,149.36024424235026,141.33870112101238,24.799999237060547,0.39386405734202146
82,2023-03-13,AAPL,147.80999755859375,153.13999938964844,147.6999969482422,149.86207580566406,84457100.0,0.0,1.2358799284251347,155.635250303018,143.90766046358354,53.54874657114025,8.324866131323079,14.261533703475118,149.51835225423176,141.4253786722819,26.520000457763672,0.3634039405264962
83,2023-03-14,AAPL,151.27999877929688,153.39999389648438,150.10000610351562,151.97352600097656,73695900.0,1.0,1.342452041714722,155.44215854027374,143.97526089332,55.125017112410625,44.25788851462436,15.04522405798448,149.84396464029948,141.58470458984374,23.729999542236328,0.40216975292711443
84,2023-03-15,AAPL,151.19000244140625,153.25,149.9199981689453,152.37191772460938,77167900.0,2.0,1.4424306492631729,155.4103672813531,143.98613845595156,55.420289805615184,40.60559155548868,14.272186665792288,150.14009653727214,141.86188201904298,26.139999389648438,0.01190639491516481
85,2023-03-16,AAPL,152.16000366210938,156.4600067138672,151.63999938964844,155.22035217285156,76161100.0,3.0,1.73154905105676,155.5356161550923,143.91268096404835,57.48918094897122,112.52390865416059,24.00612290718214,150.4933873494466,142.21951548258463,22.989999771118164,0.6955692676126731
86,2023-03-17,AAPL,156.0800018310547,156.74000549316406,154.27999877929688,154.373779296875,98944600.0,4.0,1.870800685705376,155.78201140627638,143.7947631908916,56.6804297985381,124.09328438640284,24.80225559923311,150.6397908528646,142.598508199056,25.510000228881836,0.06817443394092101
87,2023-03-20,AAPL,155.07000732421875,157.82000732421875,154.14999389648438,156.7640838623047,73641400.0,0.0,2.1492608698010542,156.73462934483993,143.32518510828507,58.39019554876679,148.25683636619075,27.915964426830925,150.74388631184897,143.01849924723308,24.149999618530273,0.49034324375232935
88,2023-03-21,AAPL,157.32000732421875,159.39999389648438,156.5399932861328,158.63650512695312,73938300.0,1.0,2.492301617827451,158.20689331733257,142.92855895317524,59.67977758161038,183.9641488414011,32.299814025702226,151.00221608479816,143.41748911539713,21.3799991607666,0.2878995224434771
89,2023-03-22,AAPL,159.3000030517578,162.13999938964844,157.80999755859375,157.19236755371094,75701800.0,2.0,2.61746158131794,159.1168966781886,142.9069528091161,58.239652113940856,189.80813826580308,39.15902913281092,151.11561584472656,143.84577865600585,22.260000228881836,0.17852571412512414
90,2023-03-23,AAPL,158.8300018310547,161.5500030517578,157.67999267578125,158.2878875732422,67622100.0,3.0,2.7730846701541054,160.13832458315744,142.83467193783866,59.01576514238388,173.83008935247636,38.44758325617213,151.35602671305338,144.29845911661783,22.610000610351562,0.09909131985035863
91,2023-03-24,AAPL,158.86000061035156,160.33999633789062,157.85000610351562,159.60256958007812,59196500.0,4.0,2.968284405027987,161.1462075545527,143.17531649329885,59.940027301431,156.95865029217248,38.44758325617214,151.67506612141926,144.80338134765626,21.739999771118164,0.14358976305664703
92,2023-03-27,AAPL,159.94000244140625,160.77000427246094,157.8699951171875,157.64053344726562,52390300.0,0.0,2.9308763644338285,161.67726956085676,143.67607058806902,57.92332693021203,132.10972922711122,39.6144142511189,151.91642100016276,145.34173329671225,20.600000381469727,0.3174083490145344
93,2023-03-28,AAPL,157.97000122070312,158.49000549316406,155.97999572753906,157.0130615234375,45992200.0,1.0,2.8181130297092807,161.94101891993074,144.43218359471769,57.285678845406736,92.20514307141357,28.19647273884923,152.04257507324218,145.8104581197103,19.969999313354492,0.031341758866273155
94,2023-03-29,AAPL,159.3699951171875,161.0500030517578,159.35000610351562,160.12046813964844,51305700.0,2.0,2.9455347279594832,162.2742431581297,145.63871307966326,59.56602632564734,134.506746045943,35.79873306249196,152.29388885498048,146.32566935221354,19.1200008392334,0.834401207275069
95,2023-03-30,AAPL,161.52999877929688,162.47000122070312,161.27000427246094,161.7040557861328,49501700.0,3.0,3.138125275562146,162.7315073043955,146.81980189970608,60.6728718929809,148.25768025654833,39.59109558951641,152.52727610270182,146.94782358805338,19.020000457763672,0.20835400843987395
96,2023-03-31,AAPL,162.44000244140625,165.0,161.91000366210938,164.2337646484375,68749800.0,4.0,3.455053331496657,164.19133618598613,146.74136645073264,62.3749121303098,160.3510713337942,45.69998699448438,152.89876810709634,147.59075902303059,18.700000762939453,0.5215305212565325
97,2023-04-03,AAPL,164.27000427246094,166.2899932861328,164.22000122070312,165.4986572265625,56976200.0,0.0,3.764888072931143,165.80973497768312,146.35198072055906,63.198758846159386,163.699739810619,48.536542215152636,153.35093383789064,148.2769854227702,18.549999237060547,0.1253784637653391
98,2023-04-04,AAPL,166.60000610351562,166.83999633789062,165.11000061035156,164.96084594726562,46278300.0,1.0,3.9218290580663506,166.964568737213,146.59447972470107,62.59590184128621,152.24460556776995,49.733318215974236,153.9202911376953,148.87800776163738,19.0,0.023046615997937673
99,2023-04-05,AAPL,164.74000549316406,165.0500030517578,161.8000030517578,163.098388671875,51511700.0,2.0,3.8515232203710923,167.6459728988063,146.997674867307,60.52748502200265,111.87190970399993,30.24785404845819,154.41329091389974,149.43920466105143,19.079999923706055,0.27022534553277
100,2023-04-06,AAPL,162.42999267578125,164.9600067138672,162.0,163.99476623535156,45390100.0,3.0,3.8240541990880956,168.14929973610182,147.89566486350756,61.16637779632938,107.56677821973169,30.24785404845819,154.9199025472005,150.0057284037272,18.399999618530273,0.06547941113049383
101,2023-04-10,AAPL,161.4199981689453,162.02999877929688,160.0800018310547,161.37539672851562,47716900.0,0.0,3.5500013676334277,167.72046292927482,149.67203737590094,58.31319834809787,70.8114864161316,19.905225010318212,155.42850596110026,150.48285115559895,18.969999313354492,0.5398089618884325
102,2023-04-11,AAPL,162.35000610351562,162.36000061035156,160.50999450683594,160.15036010742188,47644200.0,1.0,3.197108035692679,167.23172003792783,151.18960869742372,57.02623382314799,64.53924507594769,21.056962321180478,155.8561055501302,150.940882619222,19.100000381469727,0.12261944680156721
103,2023-04-12,AAPL,161.22000122070312,162.05999755859375,159.77999877929688,159.45318603515625,50133100.0,2.0,2.828575350650226,166.8464829517355,152.322811787034,56.29478608806587,53.07088530226264,17.076029041788395,156.27739715576172,151.36492004394532,19.09000015258789,0.03982689564071463
104,2023-04-13,AAPL,161.6300048828125,165.8000030517578,161.4199981689453,164.89111328125,68445600.0,3.0,2.94139920563984,166.9973793401647,153.42383495426887,60.39386684450394,98.30122761183299,29.7313300116739,156.94966990152994,151.8600321451823,17.799999237060547,2.456290503882471
105,2023-04-14,AAPL,164.58999633789062,166.32000732421875,163.82000732421875,164.54254150390625,49386500.0,4.0,2.96846744932634,167.29891476465272,154.05451846288636,60.02058613976978,106.43100813868273,31.289847456095753,157.59040374755858,152.36143366495767,17.06999969482422,0.011823154812332072
106,2023-04-17,AAPL,165.08999633789062,165.38999938964844,164.02999877929688,164.5624542236328,41516200.0,0.0,2.9574345529412085,167.31607090177968,155.05622981843518,60.0351837627133,98.38769599183301,31.289847456095753,158.06182454427082,152.8621726989746,16.950000762939453,1.3686674875761123e-05
107,2023-04-18,AAPL,166.10000610351562,167.41000366210938,165.64999389648438,165.79745483398438,49923000.0,1.0,3.0136061551411046,167.7268948053667,155.5487430120161,60.94998505911917,116.12424659046967,37.44817375044187,158.48145548502603,153.34040247599285,16.829999923706055,0.11465693288015649
108,2023-04-19,AAPL,165.8000030517578,168.16000366210938,165.5399932861328,166.95277404785156,47720200.0,2.0,3.1154343715875257,168.40969638566648,155.69756832380617,61.796262728615574,118.66507681468214,39.59686461298597,159.01363067626954,153.78418782552083,16.459999084472656,0.09500629137847631
109,2023-04-20,AAPL,166.08999633789062,167.8699951171875,165.55999755859375,165.97669982910156,52456400.0,3.0,3.0818473172040513,168.64526741642015,156.34043052059155,60.6475562107608,105.38181103002545,39.59686461298598,159.47110748291016,154.18817011515299,17.170000076293945,0.08084817502046394
110,2023-04-21,AAPL,165.0500030517578,166.4499969482422,164.49000549316406,164.3533172607422,58337300.0,4.0,2.8909113025649447,168.66734144429648,156.92489946146526,58.768026167670044,79.81432621537891,32.19411999929483,159.95016479492188,154.57620086669922,16.770000457763672,0.2138460698484955
111,2023-04-24,AAPL,165.0,165.60000610351562,163.88999938964844,164.6620635986328,41949600.0,0.0,2.7330020382484577,168.77514685362306,157.32304345399413,59.017907772376255,69.85873582849327,28.12146332772287,160.50889892578124,154.93457158406576,16.889999389648438,0.0059602132568201014
112,2023-04-25,AAPL,165.19000244140625,166.30999755859375,163.72999572753906,163.1083526611328,48714100.0,1.0,2.454195878447848,168.4523274519155,158.1926447770884,57.212872960959025,60.23886841452515,30.817483677295353,160.9504414876302,155.234396870931,18.760000228881836,0.1989114520676418
113,2023-04-26,AAPL,163.05999755859375,165.27999877929688,162.8000030517578,163.098388671875,45498800.0,2.0,2.2069951116154414,167.81664917625838,159.43685576758926,57.2012666633384,43.64310701548972,24.28993667134211,161.32127024332684,155.58261744181314,18.84000015258789,0.0002862816824240427
114,2023-04-27,AAPL,165.19000244140625,168.55999755859375,165.19000244140625,167.72962951660156,64902300.0,3.0,2.3576120698119496,168.23822302999133,159.77619805155166,61.00488972781003,108.57386367701564,36.277591954770315,161.83319396972655,155.98664525349935,17.030000686645508,1.6932606881664007
115,2023-04-28,AAPL,168.49000549316406,169.85000610351562,167.8800048828125,168.99447631835938,55209200.0,4.0,2.5496488950939806,169.00440166899685,159.7390614657688,61.96003725620775,139.59181342401249,40.25469651412587,162.29233144124348,156.39285939534506,15.779999732971191,0.10559853676162233
116,2023-05-01,AAPL,169.27999877929688,170.4499969482422,168.63999938964844,168.90484619140625,52472900.0,0.0,2.6638992877364274,169.6603903385194,159.5501809505431,61.84898376578356,143.98467331923774,42.05283347027098,162.77670033772787,156.70824559529623,16.079999923706055,0.0026262333446140027
117,2023-05-02,AAPL,170.08999633789062,170.35000610351562,167.5399932861328,167.85906982421875,48425700.0,1.0,2.639630121196518,169.97271361523698,159.47389893359113,60.53930129258434,123.54080606712849,34.14069782785351,163.146533203125,156.945209757487,17.780000686645508,0.09495092495720099
118,2023-05-03,AAPL,169.5,170.9199981689453,167.16000366210938,166.77346801757812,65136000.0,2.0,2.5039338480648894,170.1426041595518,159.48527059630754,59.193252986538226,111.86640732506201,36.11176808088146,163.41776529947916,157.20999069213866,18.34000015258789,0.1079836752669119
119,2023-05-04,AAPL,164.88999938964844,167.0399932861328,164.30999755859375,165.12017822265625,81235400.0,3.0,2.2371978800840395,170.18302498465312,159.64702872628436,57.189958893838224,39.19011694241124,17.341246067623594,163.68202565511066,157.39882074991863,20.09000015258789,0.23926525416591526
120,2023-05-05,AAPL,170.97999572753906,174.3000030517578,170.75999450683594,172.8687744140625,113316400.0,4.0,2.620843209555005,171.68825522439252,159.0291993044161,63.22431068701217,208.0742951681504,39.907371080763696,164.16805521647134,157.76204096476238,17.190000534057617,4.793280273886607
121,2023-05-08,AAPL,172.47999572753906,173.85000610351562,172.11000061035156,172.79904174804688,55962800.0,0.0,2.885990155759714,172.78579848016764,159.0740205505941,63.14145238193739,197.8045835146014,39.90737108076369,164.60793762207032,158.1415018717448,16.979999542236328,0.001516575073299397
122,2023-05-09,AAPL,173.0500030517578,173.5399932861328,171.60000610351562,171.07603454589844,45326900.0,1.0,2.923389722492203,173.13124525555952,159.82114121904988,61.09486299535333,162.9664335048944,36.90717235863604,165.0557876586914,158.4861043294271,17.709999084472656,0.25557357917525575
123,2023-05-10,AAPL,173.02000427246094,174.02999877929688,171.89999389648438,172.8588104248047,53724500.0,2.0,3.0615921343749335,173.51755700916735,160.77539190440686,62.399363525956566,167.65921438362057,38.26682259525802,165.58397928873697,158.8132771809896,16.940000534057617,0.2190787372896379
124,2023-05-11,AAPL,173.85000610351562,174.58999633789062,172.1699981689453,173.0480194091797,49514700.0,3.0,3.1500740326448806,174.34782461999802,160.76081490636918,62.537276435443744,158.7949250309298,39.850362834713074,166.01489766438803,159.15439325968424,16.93000030517578,0.0002556281065914641
125,2023-05-12,AAPL,173.6199951171875,174.05999755859375,171.0,172.1105499267578,45497800.0,4.0,3.1087152873053867,174.86161166677564,161.0038287018767,61.38329567651929,125.90911816120006,32.27256536126717,166.36178080240884,159.44452845255535,17.030000686645508,0.08579694669661445
126,2023-05-15,AAPL,173.16000366210938,173.2100067138672,171.47000122070312,171.61187744140625,37266700.0,0.0,3.0011046157742953,175.20941410114511,161.3609685892846,60.76626933816551,108.922618527924,32.27256536126717,166.60771789550782,159.75324300130208,17.1200008392334,0.033629890513753855
127,2023-05-16,AAPL,171.99000549316406,173.13999938964844,171.8000030517578,171.61187744140625,42110300.0,1.0,2.8825936381841473,175.54842573681665,161.60339921435522,60.766269338165515,101.06410102456152,32.272565361267176,166.81149190266927,160.08121287027996,17.989999771118164,0.002274472294249592
128,2023-05-17,AAPL,171.7100067138672,172.92999267578125,170.4199981689453,172.230224609375,57951600.0,2.0,2.8062199268254346,175.951710720961,161.72785928636324,61.28271176781389,86.89052342688514,22.69422946689716,167.05380452473958,160.48704783121744,16.8700008392334,0.01806488709714076
129,2023-05-18,AAPL,173.0,175.24000549316406,172.5800018310547,174.5839385986328,65496700.0,3.0,2.90216391932762,176.68771330476508,161.85258057951225,63.19065299231185,119.86618515895098,31.56201105754605,167.43665618896483,160.9249735514323,16.049999237060547,0.38923700785751514
130,2023-05-19,AAPL,176.38999938964844,176.38999938964844,174.94000244140625,174.6936492919922,55772400.0,4.0,2.953012471107826,177.2032118790208,162.37111520838155,63.27791113515395,130.79827197209738,35.49942865641897,167.7932856241862,161.35659408569336,16.809999465942383,0.00013272810318684102
131,2023-05-22,AAPL,173.97999572753906,174.7100067138672,173.4499969482422,173.73619079589844,43570900.0,0.0,2.882820060750305,177.44394817685696,163.03779163027195,61.952050753200304,99.4823068731448,25.499172360052054,168.20531209309897,161.8169090270996,17.209999084472656,0.1070864383594094
132,2023-05-23,AAPL,173.1300048828125,173.3800048828125,171.27999877929688,171.1032257080078,50747300.0,1.0,2.5849362557580378,177.01697705461345,164.26425005720296,58.46703208983214,57.574175623543184,12.565705406469208,168.57040761311848,162.21325658162434,18.530000686645508,0.6647760946702236
133,2023-05-24,AAPL,171.08999633789062,172.4199981689453,170.52000427246094,171.38247680664062,45143500.0,2.0,2.3443699861450114,176.3534663214052,165.7561696038878,58.721799122031136,43.90404311025698,8.383994266208282,168.96805063883463,162.6227238972982,20.030000686645508,0.0007077954224924958
134,2023-05-25,AAPL,172.41000366210938,173.89999389648438,171.69000244140625,172.5294189453125,56058300.0,3.0,2.220669632283659,176.39021557268177,166.1993992954823,59.77029560566821,64.91046650849538,14.960319127953994,169.22266082763673,163.08616536458334,19.139999389648438,0.0834531291411228
135,2023-05-26,AAPL,173.32000732421875,175.77000427246094,173.11000061035156,174.96290588378906,54835000.0,4.0,2.2925709383700337,176.8188226059619,166.3676352187451,61.894723998478774,97.82525421671814,22.476425926038132,169.57000630696615,163.58020502726237,17.950000762939453,0.43245344529719076
136,2023-05-30,AAPL,176.9600067138672,178.99000549316406,176.57000732421875,176.82794189453125,55964400.0,1.0,2.471555507375882,177.54756374736115,166.43120364765838,63.4259854446752,146.89821430833754,33.32365521504449,169.9788558959961,164.02034022013348,17.459999084472656,0.23143658854970664
137,2023-05-31,AAPL,177.3300018310547,179.35000610351562,176.75999450683594,176.77806091308594,99625300.0,2.0,2.5796405984489468,178.02927739572172,166.84138910818453,63.35554535582203,141.06736979791035,34.42029845563944,170.34487609863282,164.4131657918294,17.940000534057617,0.00451621925692929
138,2023-06-01,AAPL,177.6999969482422,180.1199951171875,176.92999267578125,179.61050415039062,68901800.0,3.0,2.8608749240780753,178.87781818743017,167.27655192975735,65.59975628552834,156.58701400120137,36.79700851566192,170.7668004353841,164.8902155558268,15.649999618530273,0.591971596243447
139,2023-06-02,AAPL,181.02999877929688,181.77999877929688,179.25999450683594,180.4682159423828,61945900.0,4.0,3.117034097945549,179.26113379461802,168.42804009454213,66.24729745443486,179.01226431395474,41.668874552531,171.24985097249348,165.36047922770183,14.600000381469727,0.037301431082739867
140,2023-06-05,AAPL,182.6300048828125,184.9499969482422,178.0399932861328,179.10186767578125,121946500.0,0.0,3.173210408364156,180.03402085102877,168.27846236430324,64.25410145746915,175.61247152010444,49.59948059563023,171.74146931966146,165.84581705729167,14.729999542236328,0.18924178260327612
141,2023-06-06,AAPL,179.97000122070312,180.1199951171875,177.42999267578125,178.73284912109375,64848400.0,1.0,3.1516238676245507,180.6334993721095,168.2723645805272,63.71848081851632,128.69011531785026,45.52950297670383,172.2104955037435,166.35969721476238,13.960000038146973,0.022616100117882555
142,2023-06-07,AAPL,178.44000244140625,181.2100067138672,177.32000732421875,177.3465576171875,61944600.0,2.0,2.988208037757744,180.86133731698737,168.67157894277824,61.719054842140714,117.62102497457371,48.22032986985586,172.685102335612,166.8177719116211,13.9399995803833,0.20330246097341267
143,2023-06-08,AAPL,177.89999389648438,180.83999633789062,177.4600067138672,180.0892333984375,50214900.0,3.0,3.0449109907793854,181.59294135236746,168.66301720476145,64.02916956689117,124.44982703213822,48.220329869855846,173.2514638264974,167.2863670349121,13.649999618530273,0.5497126821516225
144,2023-06-09,AAPL,181.5,182.22999572753906,180.6300048828125,180.4781951904297,48870700.0,4.0,3.0856648320717,182.3061093186852,168.69286681656868,64.34483647505283,144.58900905048947,51.69734295920446,173.676416015625,167.7548049926758,13.829999923706055,0.0036362780343521207
145,2023-06-12,AAPL,181.27000427246094,183.88999938964844,180.97000122070312,183.30064392089844,54274900.0,0.0,3.3075828134968788,183.50253694025358,168.6154485944144,66.5484584984038,158.08549930028596,55.511130930432174,174.15328826904297,168.22280985514323,15.010000228881836,0.5620277425789804
146,2023-06-13,AAPL,182.8000030517578,184.14999389648438,182.44000244140625,182.8219451904297,54929100.0,1.0,3.4055701331117234,184.33629357634427,168.90269873322606,65.83457364156635,148.7114738179078,56.0915642184778,174.61719156901043,168.69694595336915,14.609999656677246,0.03896670994614331
147,2023-06-14,AAPL,183.3699951171875,184.38999938964844,182.02000427246094,183.46023559570312,57462900.0,2.0,3.494448662198039,185.12669521102404,169.29713291397596,66.33274321450328,137.45361380610436,52.65241092613204,175.1372304280599,169.14188181559246,13.880000114440918,0.01229308288560348
148,2023-06-15,AAPL,183.9600067138672,186.52000427246094,183.77999877929688,185.51473999023438,65433200.0,3.0,3.688152149083521,186.24718811050747,169.50509155257845,67.89165071779375,155.40405475709474,57.704418565938354,175.7619394938151,169.58985239664713,14.5,0.2574451549254781
149,2023-06-16,AAPL,186.72999572753906,186.99000549316406,184.27000427246094,184.42764282226562,101235600.0,4.0,3.7111639143087416,187.07515612930865,169.6614939561406,66.2134519705773,143.60569425034055,58.742779120946906,176.40552164713543,170.04377365112305,13.539999961853027,0.1506626122312077
150,2023-06-20,AAPL,184.41000366210938,186.10000610351562,184.41000366210938,184.5174102783203,49799100.0,1.0,3.6940615455031036,187.79878192267037,169.92024426141168,66.284643543783,128.34445209362582,58.742779120946906,176.79380950927734,170.48093236287434,13.880000114440918,0.0025061919939846234
151,2023-06-21,AAPL,184.89999389648438,185.41000366210938,182.58999633789062,183.47021484375,49515700.0,2.0,3.5550277284902165,188.17019576134174,170.52223282752544,64.64093623900479,101.78240128119434,43.188080811484475,177.1495152791341,170.87872645060222,13.199999809265137,0.14871931401204855
152,2023-06-22,AAPL,183.74000549316406,187.0500030517578,183.6699981689453,186.5021209716797,51245300.0,3.0,3.6474464207680626,188.59214896322783,171.64016915200654,67.08554569204199,122.60803575334339,48.08780106538457,177.6637181599935,171.35975290934246,12.90999984741211,0.6321683132786007
153,2023-06-23,AAPL,185.5500030517578,187.55999755859375,185.00999450683594,186.18295288085938,53079300.0,4.0,3.652827184729233,188.68094114192783,173.03142458072844,66.58423483001842,121.23611867638138,49.53460930061367,178.10785624186198,171.84591776529948,13.4399995803833,0.0286371604265004
154,2023-06-26,AAPL,186.8300018310547,188.0500030517578,185.22999572753906,184.7767333984375,48088700.0,0.0,3.5032381700358144,188.41743541413913,174.51966175382964,64.39112162626107,110.19500665513154,50.93896587315181,178.49881337483723,172.25685551961263,14.25,0.23115645783740774
155,2023-06-27,AAPL,185.88999938964844,188.38999938964844,185.6699981689453,187.5592803955078,50730800.0,1.0,3.5680854184606403,188.84496221463962,175.351772404501,66.6403025628276,119.08876921833388,51.931132529883136,179.0137710571289,172.6877759297689,13.739999771118164,0.5342623996453673
156,2023-06-28,AAPL,187.92999267578125,189.89999389648438,187.60000610351562,188.74612426757812,51216800.0,2.0,3.6729067291756223,189.5846467234538,175.8039061329915,67.54483523457284,131.94821480566466,56.141911570625915,179.5849126180013,173.09631525675456,13.430000305175781,0.07162115881795643
157,2023-06-29,AAPL,189.0800018310547,190.07000732421875,188.94000244140625,189.085205078125,46347300.0,3.0,3.7402243822389494,190.17350988424462,176.4457573887046,67.80285465827343,131.79544838493572,56.59948937886507,180.1673568725586,173.48942438761392,13.539999961853027,0.0005774010519154853
158,2023-06-30,AAPL,191.6300048828125,194.47999572753906,191.25999450683594,193.4535675048828,85069600.0,4.0,4.0988158495115385,191.99415292058737,176.00942068781106,70.88738153365392,171.53070857366424,66.33766169443756,180.8748016357422,173.96430308024088,13.59000015258789,1.3517960385908439
159,2023-07-03,AAPL,193.77999877929688,193.8800048828125,191.75999450683594,191.9475860595703,31458200.0,0.0,4.212918156158736,193.12875918391148,176.02275143620568,68.54545081834772,150.33321138996865,66.33766169443756,181.4535898844401,174.44512303670248,13.569999694824219,0.2487741502101064
160,2023-07-05,AAPL,191.57000732421875,192.97999572753906,190.6199951171875,190.82058715820312,46920300.0,2.0,4.164401040674619,193.7413363164359,176.58204625192346,66.83605343806616,126.17187631149376,55.998225948962165,181.99115447998048,174.89222005208333,14.180000305175781,0.15918732820329196
161,2023-07-06,AAPL,189.83999633789062,192.02000427246094,189.1999969482422,191.29930114746094,45094300.0,3.0,4.117119504430661,194.22669350958014,177.35333426141594,67.19553223201004,111.19182779181455,44.07378381847475,182.57659149169922,175.39095179239908,15.4399995803833,0.003148809157094727
162,2023-07-07,AAPL,191.41000366210938,192.6699981689453,190.24000549316406,190.17230224609375,46778000.0,4.0,3.943253778723829,194.07853571698598,178.78406651690074,65.46729988580734,108.23050877488146,46.090160381109854,183.21222737630208,175.89131749471028,14.829999923706055,0.15437365067009137
163,2023-07-10,AAPL,189.25999450683594,189.99000549316406,187.0399932861328,188.1078338623047,59922200.0,0.0,3.597409891457829,193.89816091936433,179.7663013609091,62.42482457893844,66.19922028910014,22.791517591729356,183.76973927815754,176.3688949584961,15.069999694824219,0.4318542806177741
164,2023-07-11,AAPL,189.16000366210938,189.3000030517578,186.60000610351562,187.57925415039062,46638100.0,1.0,3.2432875538579253,193.5915260363517,180.78304213991782,61.665771212883875,53.69068311510047,19.979178857833574,184.27140045166016,176.74703063964844,14.84000015258789,0.04690929685125764
165,2023-07-12,AAPL,189.67999267578125,191.6999969482422,188.47000122070312,189.26473999023438,60750200.0,2.0,3.06333544690699,193.67970223638122,181.2912755468219,63.14406348380791,81.81892804665499,29.40668159075249,184.74812825520834,177.15906728108723,13.539999961853027,0.17810727895125159
166,2023-07-13,AAPL,190.5,191.19000244140625,189.77999877929688,190.0326690673828,41342300.0,3.0,2.9486968228643207,193.72890095067297,181.96314922022546,63.80199021159004,85.7673557842507,29.40668159075249,185.18828582763672,177.5835708618164,13.609999656677246,0.022794752741446225
167,2023-07-14,AAPL,190.22999572753906,191.17999267578125,189.6300048828125,190.18228149414062,41573900.0,4.0,2.837211748921362,193.7707009602187,182.5935538005235,63.931757393297204,80.79444227911578,28.326983111736986,185.63509318033854,177.98998463948567,13.34000015258789,0.0006364389844146759
168,2023-07-17,AAPL,191.89999389648438,194.32000732421875,191.80999755859375,193.4735107421875,50520200.0,0.0,2.98008119796782,194.49293173700337,182.6672000989341,66.65232465482474,123.71708004204456,39.60359559254456,186.0971934000651,178.4319969177246,13.479999542236328,0.7522334097207141
169,2023-07-18,AAPL,193.35000610351562,194.3300018310547,192.4199981689453,193.2141876220703,48353800.0,1.0,3.03736816757646,194.93888306037496,183.09990325554298,66.2450435737745,116.95851249791572,39.63590991249192,186.52205912272134,178.8859550476074,13.300000190734863,0.019714782899510067
170,2023-07-19,AAPL,193.10000610351562,198.22999572753906,192.64999389648438,194.58055114746094,80507300.0,2.0,3.1566348988670825,195.54071571095326,183.50438469187876,67.33306052645362,139.22127224885622,50.64976618515672,187.03801523844402,179.38974227905274,13.760000228881836,0.10094234797274854
171,2023-07-20,AAPL,195.08999633789062,196.47000122070312,192.5,192.6157989501953,59581200.0,3.0,3.057372078314444,195.42413769654456,184.535521116932,64.25234313437082,110.43255096324738,49.52811720223047,187.5007802327474,179.85563786824545,13.989999771118164,0.3837073975712141
172,2023-07-21,AAPL,194.10000610351562,194.97000122070312,191.22999572753906,191.42897033691406,71917800.0,4.0,2.850084428351181,195.449282499432,185.003061250568,62.466376657974635,82.29390629660523,40.0878504348229,187.9701939900716,180.3276481628418,13.600000381469727,0.15926690688875642
173,2023-07-24,AAPL,193.41000366210938,194.91000366210938,192.25,192.23680114746094,45377800.0,0.0,2.7196423236275393,195.45883190051075,185.59889667614942,63.18689077403056,89.11508637341434,40.087850434822904,188.37511291503907,180.81328837076822,13.90999984741211,0.02909092361856528
174,2023-07-25,AAPL,193.3300018310547,194.44000244140625,192.9199981689453,193.1044921875,37283200.0,1.0,2.655668537381331,195.1885386676119,186.70196578795452,63.95571381134905,91.37410818364118,40.08785043482291,188.79598948160807,181.23620274861653,13.859999656677246,0.03576635481280092
175,2023-07-26,AAPL,193.6699981689453,195.63999938964844,193.32000732421875,193.98214721679688,47471900.0,2.0,2.645294963173569,195.40151585895072,187.1312752787446,64.7265356218391,103.09669788578657,44.15693483239456,189.15203959147135,181.65266393025715,13.1899995803833,0.03541037847783521
176,2023-07-27,AAPL,196.02000427246094,197.1999969482422,192.5500030517578,192.70555114746094,47460200.0,3.0,2.50518498396778,195.4684922171881,187.4602416084955,62.70864376706586,94.95182391849308,48.97296909452548,189.4814931233724,182.0493423461914,14.40999984741211,0.17780851519909166
177,2023-07-28,AAPL,194.6699981689453,196.6300048828125,194.13999938964844,195.30860900878906,48291400.0,4.0,2.5745144309755688,195.96419575244,187.58687846631,65.00964797090381,115.94255839303047,48.972969094525475,189.8764389038086,182.50683466593424,13.329999923706055,0.4550719507593874
178,2023-07-31,AAPL,196.05999755859375,196.49000549316406,195.25999450683594,195.9269561767578,38824100.0,0.0,2.648820017603356,196.42865875853607,187.36975432740144,65.53227713072027,120.55279250477909,48.972969094525496,190.2235127766927,182.99272613525392,13.630000114440918,0.013238897261952752
179,2023-08-01,AAPL,196.24000549316406,196.72999572753906,195.27999877929688,195.0891876220703,35175100.0,1.0,2.6100201222215276,196.8053775747903,187.30719566739722,64.18852957127976,110.06936132417917,49.786735054880374,190.57889760335286,183.49220962524413,13.930000305175781,0.08612859828573677
180,2023-08-02,AAPL,195.0399932861328,195.17999267578125,191.85000610351562,192.06724548339844,50389300.0,2.0,2.308810915379098,196.83201181883533,187.4052272558717,59.62621704283318,44.69080499909001,20.441440104357135,190.83055877685547,183.81218414306642,16.09000015258789,0.8217846077309866
181,2023-08-03,AAPL,191.57000732421875,192.3699951171875,190.69000244140625,190.6610107421875,61235200.0,3.0,1.9343312906010226,196.8319915946381,187.3414184395416,57.65357281427563,-5.506182901064489,12.475227918418891,191.07025197347005,184.1098836263021,15.920000076293945,0.2049203137089918
182,2023-08-04,AAPL,185.52000427246094,187.3800048828125,181.9199981689453,181.50546264648438,115799700.0,4.0,0.8885347987034322,198.32618827389354,184.98053780032524,47.14790446361681,-203.2031376438698,26.70426290167217,190.90369669596353,184.28370742797853,17.100000381469727,7.283170755971248
183,2023-08-07,AAPL,182.1300048828125,183.1300048828125,177.35000610351562,178.37380981445312,97576100.0,0.0,-0.1907656393692605,199.99889382893932,182.33442984049427,44.29205191433887,-275.4736269556529,38.61511172455493,190.64339192708334,184.37562408447266,15.770000457763672,0.953776807023169
184,2023-08-08,AAPL,179.69000244140625,180.27000427246094,177.5800018310547,179.32127380371094,67823000.0,1.0,-0.9586162553615907,200.95772016363992,180.5498054711257,45.32849807904591,-258.3251503016004,38.61511172455493,190.46154327392577,184.4801783243815,15.989999771118164,0.06971248987654508
185,2023-08-09,AAPL,180.8699951171875,180.92999267578125,177.00999450683594,177.71556091308594,60378500.0,2.0,-1.6773752733500658,201.92527366642378,178.427334060627,43.89667406826279,-235.36491149972625,34.994935418090684,190.1334192911784,184.57359517415364,15.960000038146973,0.2688031106732079
186,2023-08-10,AAPL,179.47999572753906,180.75,177.60000610351562,177.49615478515625,54686900.0,3.0,-2.238892653508003,202.59667364937374,176.50228264945437,43.70154623101247,-201.98494040750745,34.99493541809069,189.758420308431,184.67166646321616,15.850000381469727,0.008925961248799071
187,2023-08-11,AAPL,177.32000732421875,178.6199951171875,176.5500030517578,177.5560760498047,51988100.0,4.0,-2.6485334327651344,203.01601709816165,174.8203186562329,43.772160827719695,-186.54861888764074,37.94140997359825,189.37411600748698,184.77073644002277,14.84000015258789,6.581732755036164e-05
188,2023-08-14,AAPL,177.97000122070312,179.69000244140625,177.30999755859375,179.22389221191406,43675600.0,0.0,-2.806249182125754,202.76688033558904,173.64449356577816,45.732051667387864,-146.64285641320518,31.450898172080155,188.89979349772136,184.88729756673177,14.819999694824219,0.2450061992513901
189,2023-08-15,AAPL,178.8800048828125,179.47999572753906,177.0500030517578,177.21652221679688,43622600.0,1.0,-3.057967684145609,202.5542972544195,172.25731010642033,43.829865017623774,-138.65907287182193,32.27855747565387,188.40875803629558,184.93117396036783,16.459999084472656,0.40853168823434094
190,2023-08-16,AAPL,177.1300048828125,178.5399932861328,176.5,176.3376922607422,46964900.0,2.0,-3.290440493514268,202.0154692822397,170.97185218992828,43.019467403602334,-131.7219067031021,34.07843100869693,187.92599487304688,184.95857467651368,16.780000686645508,0.08400326641174148
191,2023-08-17,AAPL,177.13999938964844,177.50999450683594,173.47999572753906,173.7710723876953,66062900.0,3.0,-3.639824017866516,201.7802393245835,169.32260949133448,40.74349864110665,-138.8859484279286,42.974374261748125,187.3417205810547,184.95915603637695,17.889999389648438,0.6648676807367535
192,2023-08-18,AAPL,172.3000030517578,175.10000610351562,171.9600067138672,174.2604217529297,61114200.0,4.0,-3.833041655754954,201.42136432210236,167.96462963541717,41.35543989799445,-133.94060651360002,46.834413050629294,186.8113245646159,185.01177597045898,17.299999237060547,0.02051247589559884
193,2023-08-21,AAPL,175.07000732421875,176.1300048828125,173.74000549316406,175.608642578125,46311900.0,0.0,-3.8331912303727336,200.66399196144232,167.0591861391436,43.03219063595418,-108.53000511413845,39.97130889018643,186.39468485514323,185.08221206665038,17.1299991607666,0.17230320147548547
194,2023-08-22,AAPL,177.05999755859375,177.67999267578125,176.25,176.99681091308594,42084200.0,1.0,-3.6788882523655673,199.5342259632564,166.5781840098881,44.71581816855278,-84.34193514670187,30.18311294627057,186.04193674723308,185.15666859944662,16.969999313354492,0.1780994937781331
195,2023-08-23,AAPL,178.52000427246094,181.5500030517578,178.3300018310547,180.88169860839844,52722800.0,2.0,-3.206165382194058,198.07224713824547,166.73011797405923,49.07317099194758,-51.81846092895417,9.707079420691594,185.76250203450522,185.25531514485678,15.979999542236328,1.4163257849164264
196,2023-08-24,AAPL,180.6699981689453,181.10000610351562,176.00999450683594,176.14793395996094,54945800.0,3.0,-3.1768832150440005,196.69199790198488,166.45460549156982,44.638300500156355,-68.56556038787902,17.974689486425007,185.29967753092447,185.2439816792806,17.200000762939453,2.154493074053221
197,2023-08-25,AAPL,177.3800048828125,179.14999389648438,175.82000732421875,178.375,51449600.0,4.0,-2.940079859068078,194.43765592705742,167.01558656561835,46.970697248108166,-64.03131166667788,18.626926807016055,184.9061014811198,185.27059733072917,15.680000305175781,0.4503575942290581
198,2023-08-28,AAPL,180.08999633789062,180.58999633789062,178.5500030517578,179.9529266357422,43820700.0,0.0,-2.595170491175111,191.62366062645054,168.2321789121237,48.55916354222117,-44.86627636277266,11.44686410678298,184.45541534423828,185.27630437215169,15.079999923706055,0.21178045536892356
199,2023-08-29,AAPL,179.6999969482422,184.89999389648438,179.5,183.87774658203125,53003900.0,1.0,-1.9822767115986437,188.87309612634058,169.86159930822973,52.24028385106818,-16.247661629792518,6.633721668305524,184.14420064290366,185.3331298828125,14.449999809265137,1.3746669445990114
200,2023-08-30,AAPL,184.94000244140625,187.85000610351562,184.74000549316406,187.40310668945312,60813900.0,2.0,-1.1982739217475284,187.48695007911937,170.78133147605644,55.21799475218457,21.878601417053808,16.540468632354365,183.9049524943034,185.4714838663737,13.880000114440918,1.042686394634808
201,2023-08-31,AAPL,187.83999633789062,189.1199951171875,187.47999572753906,187.62281799316406,60794500.0,3.0,-0.5528443508074474,186.5234461652644,171.44101611500903,55.39728401063825,37.989118269897475,20.426013988165472,183.73851979573567,185.61965001424153,13.569999694824219,0.00045487421068723043
202,2023-09-01,AAPL,189.49000549316406,189.9199981689453,188.27999877929688,189.2107391357422,45732600.0,4.0,0.08580608054279537,188.13849086982472,170.5964990593745,56.69357602256961,50.26201786407058,22.844795516093054,183.66457875569662,185.8173863728841,13.09000015258789,0.17649634386652305
203,2023-09-05,AAPL,188.27999877929688,189.97999572753906,187.61000061035156,189.45040893554688,45280000.0,1.0,0.6043143389293277,189.76176185060342,170.08088799070515,56.88920590822881,51.6469240261352,19.59042054482214,183.5716990152995,185.97340596516926,14.010000228881836,0.0003527672391818993
204,2023-09-06,AAPL,188.39999389648438,188.85000610351562,181.47000122070312,182.66934204101562,81755800.0,2.0,0.46272642056385394,189.99984387675607,170.177612788283,50.24580233715115,8.173773070471958,5.050724846006379,183.22386067708334,186.0099250793457,14.449999809265137,4.107850810623447
205,2023-09-07,AAPL,175.17999267578125,178.2100067138672,173.5399932861328,177.32638549804688,112488800.0,3.0,-0.07969627583474903,190.0015088840061,170.13703023952905,45.87883434208155,-72.81993978137288,26.078912175743685,182.66866861979167,185.9103541056315,14.399999618530273,2.720062022740675
206,2023-09-08,AAPL,178.35000610351562,180.24000549316406,177.7899932861328,177.945556640625,65551300.0,4.0,-0.4543705334247363,190.0014763242484,170.18200298483364,46.43691647180957,-44.29692924987551,18.87471605705093,182.17666880289713,185.82908096313477,13.84000015258789,0.022527703821739672
207,2023-09-11,AAPL,180.07000732421875,180.3000030517578,177.33999633789062,179.12400817871094,58953100.0,0.0,-0.6487331990576308,190.02003797392229,170.3202345480504,47.502755839816665,-37.86216296827021,19.958482932945156,181.6371821085612,185.7568105061849,13.800000190734863,0.10389066593657603
208,2023-09-12,AAPL,179.49000549316406,180.1300048828125,174.82000732421875,176.0680389404297,90370200.0,1.0,-1.0373996917205375,190.0258243210978,169.9988628737264,45.09551235562884,-60.11509894006792,25.885492713276815,180.9752182006836,185.59936548868816,14.229999542236328,0.9497650229454021
209,2023-09-13,AAPL,176.50999450683594,177.3000030517578,173.97999572753906,173.9807891845703,84267900.0,2.0,-1.496592511889986,190.15457828646586,169.5465356051357,43.53665987411879,-87.70244210260866,27.790792168501042,180.2716049194336,185.42525126139324,13.479999542236328,0.4658106669526708
210,2023-09-14,AAPL,174.0,176.10000610351562,173.5800018310547,175.5087890625,60895800.0,3.0,-1.7174120529641073,190.1790830189454,169.43914055283193,44.97707451802425,-89.02257347070372,28.7234841827179,179.71965637207032,185.27510757446288,12.819999694824219,0.21084070877001573
211,2023-09-15,AAPL,176.47999572753906,176.5,173.82000732421875,174.77972412109375,109205100.0,4.0,-1.92900619525156,190.11505270116663,169.60403604395054,44.417775675035486,-90.42589433197386,26.970363806075206,179.19028015136718,185.13026606241863,13.789999961853027,0.07473891330356024
212,2023-09-18,AAPL,176.47999572753906,179.3800048828125,176.1699981689453,177.73583984375,67257600.0,0.0,-1.8369866058317825,190.00315836188022,170.06347219231898,47.173181948054385,-32.03249152434109,14.923692062207477,179.06462605794272,184.98416137695312,14.0,0.8363195599449833
213,2023-09-19,AAPL,177.52000427246094,179.6300048828125,177.1300048828125,178.8343963623047,51826900.0,1.0,-1.6563230273893623,189.96543837302417,170.42376755959302,48.161119659888854,-14.668230751645252,13.920745002400373,179.0799789428711,184.8616854349772,14.109999656677246,0.09186724677691178
214,2023-09-20,AAPL,179.25999450683594,179.6999969482422,175.39999389648438,175.2591094970703,58436200.0,2.0,-1.781110081649615,190.0280432090195,170.18739258199614,45.30835991269046,-50.10716568537465,19.14074749474423,178.94457346598307,184.70305836995442,15.140000343322754,1.3801388468266096
215,2023-09-21,AAPL,174.5500030517578,176.3000030517578,173.86000061035156,173.70115661621094,63047900.0,3.0,-1.982861307458819,190.0629938967222,169.43438769507466,44.13002306297153,-91.48952604018642,23.55209683082071,178.81075998942057,184.4720896402995,17.540000915527344,0.29145875599269433
216,2023-09-22,AAPL,174.6699981689453,177.0800018310547,174.0500030517578,174.5600128173828,56725400.0,4.0,-2.049819051717776,190.12379651259457,169.2147929649445,44.94653987512344,-74.94719334190466,20.007325081037052,178.7128885904948,184.23565444946288,17.200000762939453,0.06044477044265417
217,2023-09-25,AAPL,174.1999969482422,176.97000122070312,174.14999389648438,175.84832763671875,46172700.0,0.0,-1.9761475090480758,190.12362145143052,168.96230078978041,46.16737495698042,-64.15614168503272,20.00732508103706,178.6559636433919,184.01503982543946,16.899999618530273,0.1433997796742214
218,2023-09-26,AAPL,174.82000732421875,175.1999969482422,171.66000366210938,171.73374938964844,64588900.0,1.0,-2.2241359040554585,190.26944261743054,167.99456189917103,43.01580456756469,-112.60291199065486,27.585976733551163,178.4062922159831,183.6530428568522,18.940000534057617,1.866040049723444
219,2023-09-27,AAPL,172.6199951171875,173.0399932861328,169.0500030517578,170.20574951171875,66921800.0,2.0,-2.5149742561717687,190.02889387733603,166.86791093223428,41.91654918153599,-141.95297287751794,34.535488843869146,178.17259979248047,183.29067891438802,18.219999313354492,0.29428866754243843
220,2023-09-28,AAPL,169.33999633789062,172.02999877929688,167.6199951171875,170.46542358398438,56294400.0,3.0,-2.6934636458694285,188.89855032012372,166.3044861788997,42.17632860026624,-144.1123843572587,38.01926236243395,177.97685750325522,182.95142618815103,17.34000015258789,0.002356940936862639
221,2023-09-29,AAPL,172.02000427246094,173.07000732421875,170.33999633789062,170.9847412109375,51814200.0,4.0,-2.761183970737477,187.389585116045,166.14964370475576,42.70646264974402,-114.17482649715112,32.535988197500124,177.88397979736328,182.61285018920898,17.520000457763672,0.01836931052280135
222,2023-10-02,AAPL,171.22000122070312,174.3000030517578,170.92999267578125,173.52139282226562,52164500.0,0.0,-2.5804207466308924,184.91981669558555,167.05047749386756,45.243164328847705,-87.98468033721605,26.197559533611177,177.85934549967448,182.3353350321452,17.610000610351562,0.637354884448404
223,2023-10-03,AAPL,172.25999450683594,173.6300048828125,170.82000732421875,172.1731719970703,49594600.0,1.0,-2.5169410129830965,181.5690879099146,168.6734825856909,44.16795139645178,-96.72817225040707,26.5333997257587,177.7448298136393,182.06975733439128,19.780000686645508,0.2507687727145373
224,2023-10-04,AAPL,171.08999633789062,174.2100067138672,170.97000122070312,173.4315185546875,53020300.0,2.0,-2.3381421684863426,180.07073765682858,169.2480504901441,45.42032792678807,-81.09717126778693,23.368752299197602,177.62598673502603,181.83396174112957,18.579999923706055,0.13036969500455983
225,2023-10-05,AAPL,173.7899932861328,175.4499969482422,172.67999267578125,174.67987060546875,48527900.0,3.0,-2.0718284695335853,179.79124539787776,169.26289125983706,46.648496803773334,-54.59954497636395,16.698561539820254,177.41925913492838,181.59088058471679,18.489999771118164,0.13110586995693446
226,2023-10-06,AAPL,173.8000030517578,177.99000549316406,173.17999267578125,177.25648498535156,57224100.0,4.0,-1.634025666892967,179.67090592890173,169.31432356328577,49.09434124343584,-22.631803115931625,4.345174196285733,177.45621083577473,181.3779441833496,17.450000762939453,0.6522036478475502
227,2023-10-09,AAPL,176.80999755859375,179.0500030517578,175.8000030517578,178.75450134277344,42390800.0,0.0,-1.152896517600766,179.58505380278967,169.36322500580405,50.46026432097437,5.590203392180669,0.360123648389534,177.46886088053387,181.18748118082684,17.700000762939453,0.1911655338600505
228,2023-10-10,AAPL,178.10000610351562,179.72000122070312,177.9499969482422,178.15528869628906,43698000.0,1.0,-0.8106054975888242,179.90706212515985,169.2499416590198,49.906146787789794,18.498320162075625,3.306212032483484,177.40893961588543,180.93217748006185,17.030000686645508,0.06390224948852329
229,2023-10-11,AAPL,178.1999969482422,179.85000610351562,177.60000610351562,179.5634307861328,47551100.0,2.0,-0.42086067989859544,180.62146572915015,169.0938022151858,51.20866509889862,28.17133013573378,1.6282816481837734,177.26512908935547,180.70466486612955,16.09000015258789,0.15841970449735066
230,2023-10-12,AAPL,180.07000732421875,182.33999633789062,179.0399932861328,180.4722442626953,56743100.0,3.0,-0.03821097924856076,181.39148627706643,168.82012718728905,52.04123164320151,63.29956618349698,12.443616533569749,177.0341003417969,180.46952641805012,16.690000534057617,0.05276905758614104
231,2023-10-13,AAPL,181.4199981689453,181.92999267578125,178.13999938964844,178.61468505859375,51427100.0,4.0,0.11383988650896981,181.77247718607643,168.82263237202906,50.22896681111311,54.08704786923567,7.86174637779829,176.73382924397785,180.23617451985677,19.31999969482422,0.4566757722059074
232,2023-10-16,AAPL,176.75,179.0800018310547,176.50999450683594,178.48486328125,52517000.0,0.0,0.22131458386419922,181.87762083886938,168.79239106298607,50.102823438066494,34.79007393265098,0.025244863172625247,176.3763000488281,180.02043940226238,17.209999084472656,0.012620569790119954
233,2023-10-17,AAPL,176.64999389648438,178.4199981689453,174.8000030517578,176.9169158935547,57549400.0,1.0,0.17791787896888422,181.62003212325604,168.85823173172443,48.57855322344643,16.43043443699463,7.601870370649648,175.9585169474284,179.76510798136394,17.8799991607666,0.3383441390176763
234,2023-10-18,AAPL,175.5800018310547,177.5800018310547,175.11000061035156,175.608642578125,54764400.0,2.0,0.037526374142345276,181.6396534755274,168.87356368755852,47.33553552582736,8.203024677093408,7.601870370649645,175.72316029866536,179.47351048787434,19.219999313354492,0.258653108220389
235,2023-10-19,AAPL,176.0399932861328,177.83999633789062,175.19000244140625,175.22915649414062,59302900.0,3.0,-0.10316701524635619,181.67410392632328,168.99191322455565,46.974858199534765,8.111827383690027,6.203500913126611,175.65325266520182,179.16096064249675,21.399999618530273,0.035777634579598254
236,2023-10-20,AAPL,175.30999755859375,175.4199981689453,172.63999938964844,172.6525421142578,64189300.0,4.0,-0.41776307409995184,181.6841850677031,168.7910850128633,44.58852292512945,-62.806590135646225,17.450958588717643,175.47681884765626,178.82674382527668,21.709999084472656,0.8793950068293271
237,2023-10-23,AAPL,170.91000366210938,174.00999450683594,169.92999267578125,172.7723846435547,55980100.0,0.0,-0.6499205472282483,181.61525149231298,168.55242428893703,44.72363378735511,-96.21853893948222,27.348065948969026,175.26509806315104,178.4511400858561,20.3700008392334,0.00013875330068177118
238,2023-10-24,AAPL,173.0500030517578,173.6699981689453,171.4499969482422,173.21180725097656,43816600.0,1.0,-0.7893501481215424,181.56175515416464,168.75372641321815,45.23018862921938,-74.77696045217044,27.34806594896903,175.16989034016927,178.07255427042642,18.969999313354492,0.009576555318494832
239,2023-10-25,AAPL,171.8800048828125,173.05999755859375,170.64999389648438,170.87489318847656,57157000.0,2.0,-1.0760149156519958,181.49244811208033,168.88994782297826,43.05929995719429,-103.19596257723684,30.17212479938804,175.0663604736328,177.6689826965332,20.190000534057617,0.7385339443379223
240,2023-10-26,AAPL,170.3699951171875,171.3800048828125,165.6699981689453,166.67042541503906,70625300.0,3.0,-1.6237466793685371,182.08222781672174,167.92066830144233,39.52821699483583,-180.34951646846417,44.52200675285395,174.7717483520508,177.24570236206054,20.68000030517578,2.3116777912957356
241,2023-10-27,AAPL,166.91000366210938,168.9600067138672,166.8300018310547,167.99867248535156,58499100.0,4.0,-1.9284199851686026,182.40005407052547,167.30423517508,41.10655145034006,-159.55975397804553,44.52200675285395,174.54571329752605,176.8679967244466,21.270000457763672,0.19938998888350323
242,2023-10-30,AAPL,169.02000427246094,171.1699981689453,168.8699951171875,170.06593322753906,51131000.0,0.0,-1.9802381571717262,182.50849218267035,166.85025110346248,43.4816172037735,-102.03180394002517,30.88274362368529,174.29004974365233,176.67733790079754,19.75,0.4924559615956798
243,2023-10-31,AAPL,169.35000610351562,170.89999389648438,167.89999389648438,170.54531860351562,44846000.0,1.0,-1.9600280550202456,182.56935833691574,166.62659960986161,44.023156329445015,-100.88169333286748,33.81344832968637,174.0137471516927,176.5468630472819,18.139999389648438,0.014878582296622474
244,2023-11-01,AAPL,171.0,174.22999572753906,170.1199951171875,173.74110412597656,56934900.0,2.0,-1.666922969719252,182.57649833501904,166.6504181688872,47.49272654186852,-30.763096465122516,15.795219825785683,173.96314697265626,176.45386021931967,16.8700008392334,1.3232445560341608
245,2023-11-02,AAPL,175.52000427246094,177.77999877929688,175.4600067138672,177.3363800048828,77334800.0,3.0,-1.1314833259983743,182.80207046378135,166.69049698006629,51.02549505962403,63.70974153664251,0.3905279502734618,174.08432108561198,176.4475405375163,15.65999984741211,1.5987130725470047
246,2023-11-03,AAPL,174.24000549316406,176.82000732421875,173.35000610351562,176.41757202148438,79763700.0,4.0,-0.7723801584996011,182.71369418942615,166.6949819580348,50.13374800450005,32.90152522385974,8.153739380396036,174.1462397257487,176.42956415812174,14.90999984741211,0.14224090478925422
247,2023-11-06,AAPL,176.3800048828125,179.42999267578125,176.2100067138672,178.9941864013672,63841300.0,0.0,-0.2766875820526309,182.75186946114505,166.68077519217528,52.53994203001547,89.39850861681644,1.9505362299140385,174.2511016845703,176.45353266398112,14.890000343322754,0.760681468269719
248,2023-11-07,AAPL,179.17999267578125,182.44000244140625,178.97000122070312,181.58078002929688,70530000.0,1.0,0.3211666357056515,183.3656201811846,166.40957360543652,54.80468722536369,136.21932961407524,12.077038884351234,174.57933603922527,176.49281412760416,14.8100004196167,0.7393272654076017
249,2023-11-08,AAPL,182.35000610351562,183.4499969482422,181.58999633789062,182.6493682861328,49340300.0,2.0,0.8711544263954067,183.97816753172432,166.1056200048968,55.707966718911216,153.5165541408821,15.217791892719903,174.99412333170574,176.5833615620931,14.449999809265137,0.09077208923759997
